month,c02
1,-0.6838350970017644
2,0.07612096774193428
3,0.8742380952380925
4,2.240269841269833
5,2.8641545138888853
6,2.299296594982075
7,0.792918871252205
8,-1.1950176366843068
9,-2.851366843033514
10,-2.8573163082437323
11,-1.453271604938272
12,-0.15930335097002282
